{
	"metadata": {
		"version": 4.5,
		"type": "Object",
		"generator": "Object3D.toJSON"
	},
	"geometries": [
		{
			"uuid": "EA781333-F3AE-470D-9110-A9724FCB42AA",
			"type": "IcosahedronGeometry",
			"radius": 1,
			"detail": 24
		}],
	"materials": [
		{
			"uuid": "50ED51F1-DEA4-4B61-8082-BF41609E8C27",
			"type": "ShaderMaterial",
			"depthFunc": 3,
			"depthTest": true,
			"depthWrite": true,
			"colorWrite": true,
			"stencilWrite": false,
			"stencilWriteMask": 255,
			"stencilFunc": 519,
			"stencilRef": 0,
			"stencilFuncMask": 255,
			"stencilFail": 7680,
			"stencilZFail": 7680,
			"stencilZPass": 7680,
			"wireframe": true,
			"glslVersion": null,
			"uniforms": {
				"time": {
					"value": 0
				}
			},
			"vertexShader": "uniform float time;\nvarying vec3 vPosition;\nvoid main() {\n\tvPosition = position;\n\tvPosition.x += sin( time + vPosition.z * 4.0 ) / 4.0;\n\tvPosition.y += cos( time + vPosition.z * 4.0 ) / 4.0;\n\tgl_Position = projectionMatrix * modelViewMatrix * vec4( vPosition, 1.0 );\n}",
			"fragmentShader": "varying vec3 vPosition;\nvoid main() {\n\tgl_FragColor = vec4( vPosition * 2.0, 1.0 );\n}"
		}],
	"object": {
		"uuid": "5FC9ACA9-2A93-474D-AA32-FACC76551914",
		"type": "Scene",
		"name": "Scene",
		"layers": 1,
		"matrix": [1,0,0,0,0,1,0,0,0,0,1,0,0,0,0,1],
		"children": [
			{
				"uuid": "FC7B6CF2-6386-4F47-9CE6-8ADB9FCA6E1F",
				"type": "Mesh",
				"name": "Icosahedron 1",
				"layers": 1,
				"matrix": [1,0,0,0,0,1,0,0,0,0,1,0,0,0,0,1],
				"geometry": "EA781333-F3AE-470D-9110-A9724FCB42AA",
				"material": "50ED51F1-DEA4-4B61-8082-BF41609E8C27"
			}],
		"background": 11184810
	}
}